iter,energy,gamma[0],beta[0],gamma[1],beta[1],gamma[2],beta[2]
0,-2.124275214970112,0.6083106309175491,0.5989347197115421,0.5928025566041469,0.5963220544159412,0.5905547238886356,0.5875436015427112
1,-2.553017646074295,0.6175123699009418,0.5969830513000488,0.585627718269825,0.5926534071564674,0.5807740934193134,0.5744576439261436
2,-3.0114002004265785,0.6274877771735191,0.5940241202712059,0.5787148647010326,0.5890134185552597,0.570843993127346,0.5608557224273681
3,-3.4857101514935493,0.6380437076091766,0.5899989552795887,0.5723467975854873,0.5853991232812404,0.560996825248003,0.5469033367931843
4,-3.9586602933704853,0.6489166975021362,0.5849429801106453,0.5668216630816459,0.581795359402895,0.5514921531081199,0.5328112974762916
5,-4.4112818613648415,0.6597806964069605,0.5790325481444597,0.5623950347304344,0.5781782981008291,0.5425835441797972,0.518824290856719
6,-4.825610721483827,0.6702813509851694,0.5725798927247524,0.5592329487204551,0.5745444767177105,0.5344766400754452,0.5051964152604341
7,-5.187464199028909,0.680075642094016,0.5660031590610742,0.5573782216757536,0.5709168709814548,0.5272979386150837,0.4921774616464972
8,-5.489111579954624,0.6888765347190201,0.559741779603064,0.5567369488067925,0.5673446244560182,0.5210831867530942,0.4799734287895262
9,-5.7305159866809845,0.6965048116631806,0.5541619131341576,0.5571082522161305,0.5638890489004552,0.5157838867977261,0.46871792608872054
10,-5.917819060385227,0.7028982517309487,0.5494857164099812,0.5582379986532032,0.5606068409048021,0.5112969907000661,0.45847462574020026
11,-6.060540221631527,0.7081122835166752,0.5457783000543713,0.5598694783635437,0.5575473903678357,0.5074952201917767,0.4492407635785639
12,-6.168665781617165,0.712266965676099,0.5429860273376107,0.5617746961303055,0.5547291188500821,0.5042467968538403,0.4409683690406382
13,-6.250884257256985,0.7155171883292496,0.5409906240180135,0.5637748566456139,0.5521523467265069,0.5014305183663964,0.4335741297341883
14,-6.313947465270758,0.7180161670781672,0.5396403385326266,0.565745382476598,0.549818906839937,0.49895153697580097,0.4269688826985657
15,-6.362855149433017,0.7199059062637388,0.5387976303696632,0.5676065747626126,0.5477110705338418,0.4967376695945859,0.42106566010043023
16,-6.40123325586319,0.7213059653528034,0.538329198397696,0.569310209620744,0.545814203005284,0.4947277376428246,0.41578127527609465
17,-6.431700894609094,0.7223109946586191,0.538130903057754,0.5708305518142879,0.5441092335619032,0.49288169424980877,0.41103647360578177
18,-6.456174340099096,0.7229899632744491,0.538126060180366,0.5721610802225768,0.5425712102092802,0.4911699308082461,0.40676460126414893
19,-6.476022547110915,0.723398891184479,0.5382487582042813,0.5733044081367552,0.5411925789900124,0.4895688410848379,0.40290539329871533
20,-6.49231962300837,0.7235816129483282,0.5384440705180168,0.5742707242257893,0.5399491618387401,0.4880646182224154,0.3994044297374785
21,-6.50587223470211,0.7235668989829719,0.5386780206114054,0.5750708504579961,0.5388239360414445,0.486639860458672,0.396215386595577
22,-6.517296127974987,0.7233811513520777,0.5389284355565905,0.5757197988219559,0.537799219507724,0.48528581615537403,0.3933001876808703
23,-6.527074348181486,0.7230395254679024,0.5391646245494485,0.576228189188987,0.5368670140393078,0.48399605732411144,0.39062175983563063
24,-6.535548023879528,0.7225562994368374,0.5393792143091559,0.5766130563803017,0.5360140901990235,0.48276453036814926,0.38815605351701377
25,-6.5430871322751045,0.7219389964826405,0.5395622322335839,0.5768825233913958,0.535226556379348,0.4815824845805764,0.3858684924431145
26,-6.549909628927708,0.7211958401836455,0.5397070286795497,0.5770505898632109,0.5344964870251715,0.480444205366075,0.38373429225757716
27,-6.556221172213554,0.7203289558179676,0.539805849455297,0.5771267720498144,0.5338080626912415,0.4793490557000041,0.3817401555366814
28,-6.5622383877635,0.7193396006710827,0.5398541180416941,0.5771195263601839,0.5331573513336479,0.478287605009973,0.3798606981523335
29,-6.568068854510784,0.7182319154031575,0.539850221388042,0.5770338446833193,0.5325390425510704,0.47725321482867,0.3780824047513306
30,-6.573855049908161,0.7170064662583172,0.5397826781496405,0.576874812040478,0.531940768379718,0.4762415265664458,0.37638876484706996
31,-6.57971753180027,0.7156590213067829,0.5396624071523547,0.5766498007811606,0.531363929528743,0.47525075953453777,0.3747685988433659
32,-6.58582279831171,0.7141852405853569,0.5394819913432002,0.5763657771982252,0.5307912033982575,0.47426912691444156,0.37320165978744624
33,-6.592215709388256,0.7125827957876026,0.539243565313518,0.5760216944850981,0.5302284684963524,0.47329771276563404,0.3716843304224312
34,-6.599045619368553,0.7108484496362507,0.5389416901394725,0.5756190166808665,0.5296646122820675,0.47233400996774433,0.3701974366791546
35,-6.606395572423935,0.7089802761562168,0.5385815663263201,0.5751623184420168,0.5290972878225148,0.47136901076883075,0.3687389184720814
36,-6.6144243106245995,0.7069663916714489,0.5381573116406798,0.5746567108668387,0.5285239768214524,0.4703923774883151,0.3672980506904423
37,-6.6232365518808365,0.7048012007959187,0.5376737019047141,0.5740941212512553,0.5279389013536274,0.4694071164354682,0.36586870895698664
38,-6.632962584495544,0.7024799537844956,0.5371263636276126,0.5734801487065851,0.5273392637260258,0.4684079041704535,0.3644335445947945
39,-6.643757611513138,0.6999936931766569,0.5365150658413768,0.5728164770640433,0.5267227188684046,0.4673918480053544,0.36298745023086665
40,-6.655779577791691,0.6973325413651764,0.5358421126380563,0.5720991090871393,0.5260895797051489,0.4663479862734675,0.3615215950645506
41,-6.669220866635442,0.694484853092581,0.5351048292592168,0.5713281230069697,0.5254313264973461,0.4652786826714873,0.360027636308223
42,-6.684284461662173,0.6914401323534548,0.534304884634912,0.5705010508187115,0.5247495983727276,0.4641717592254281,0.3584938392974436
43,-6.701218287460506,0.688183609303087,0.5334422387182712,0.5696210226975381,0.5240388423204422,0.46302869813516734,0.3569098714739084
44,-6.720286814495921,0.6847031259909272,0.5325179746374488,0.5686812807340175,0.5233007794246077,0.46184122785925863,0.3552710452582687
45,-6.74179881811142,0.68098433772102,0.5315255000256002,0.5676801797468215,0.5225300052203238,0.4606074270792305,0.3535587113816291
46,-6.766075000166893,0.6770064094103873,0.530471062194556,0.5666174848098308,0.5217240870930254,0.45932344989851115,0.3517746214289218
47,-6.793541640043259,0.672758671361953,0.52934863967821,0.5654871535021812,0.5208846711553633,0.4579869163222611,0.3498919565696269
48,-6.82459132373333,0.6682175611145794,0.528167428355664,0.5642865259665996,0.5200058639980852,0.4565936987288296,0.3479119759518653
49,-6.859809599816799,0.6633599092252552,0.5269214863888919,0.5630122978705913,0.5190934062935412,0.45513698356226084,0.3458195697981864
50,-6.899758078157902,0.6581647348590195,0.5256219598464668,0.561661570938304,0.5181429878808558,0.45361522855237124,0.34359380942769346
51,-6.94509519636631,0.6526087884791195,0.5242623331956565,0.5602297854144126,0.5171557598747313,0.45202616127207873,0.34122577649541197
52,-6.996648661792278,0.6466622491367161,0.5228473673574626,0.558711025537923,0.5161243573762476,0.4503636908717453,0.33869436350651083
53,-7.055270157754421,0.6402951487340033,0.5213891341350972,0.557098375307396,0.5150561508722603,0.44863167302682994,0.3359857328701764
54,-7.122022982686758,0.6334772546775639,0.5198935995809734,0.5553895231802016,0.5139492944814265,0.44682443225756285,0.3330794085282832
55,-7.19805882871151,0.6261743371374905,0.5183603408746421,0.5535729356575757,0.5127998691983521,0.4449474670924246,0.32995777544565497
56,-7.284665897488594,0.6183498975820839,0.5168092361651361,0.5516500153113156,0.5116161395795643,0.4430012878961861,0.32659986210055647
57,-7.383339062333107,0.6099673015065491,0.5152555330656469,0.5496104076970368,0.5103979622013867,0.4409859579987824,0.32298578289337454
58,-7.495704434812069,0.6009881076402962,0.5137042625807225,0.5474473327863961,0.5091492560692131,0.4389128637500107,0.31909570437856016
59,-7.623618818819523,0.5913704399950802,0.5121797694824636,0.5451541930902749,0.50786261158064,0.4367804703302681,0.3149093609768897
60,-7.768964156508446,0.5810791914351284,0.5106967612169683,0.5427283287514001,0.5065405842848122,0.4346033920533955,0.31040743705816565
61,-7.9337280839681625,0.5700777535326779,0.5092792957089841,0.5401643604505807,0.5051891979761421,0.43239361690357325,0.3055709895212203
62,-8.119720324873924,0.5583411519415676,0.5079487486742437,0.5374594197142869,0.5037978467531502,0.430166928935796,0.3003950637299567
63,-8.328610196709633,0.5458494340069592,0.50672537824139,0.5346199959982186,0.5023734671063721,0.42795118587091563,0.29487200048752127
64,-8.56132297217846,0.5326073681004345,0.5056199877522886,0.5316460073459893,0.5008956891484558,0.4257620413787663,0.28901632842607794
65,-8.818098694086075,0.5186279182322323,0.504645801987499,0.5285524219740182,0.49935083361342547,0.42362638460472224,0.2828478139359504
66,-9.097604423761368,0.5039642517454922,0.5038008763454854,0.5253585070837289,0.497718068677932,0.42157245324924586,0.2764206599909812
67,-9.396929055452347,0.4887061928398907,0.5030592157505452,0.52208521370776,0.49596871705725787,0.4196214740164578,0.26978129860945044
68,-9.711197763681412,0.47297114776447413,0.5023890807293355,0.5187675744760781,0.4940726784057915,0.4177852188237011,0.26303877648897467
69,-10.033531934022903,0.4569315974600613,0.5017311497591436,0.5154407859314233,0.4920020726509392,0.41606599735096095,0.2562986087519675
70,-10.35584807395935,0.44078908013179896,0.5010119303129613,0.512133413599804,0.48975555868819354,0.41445531593635676,0.24967864868231116
71,-10.669738203287125,0.42476161466911433,0.5001460089348256,0.5088758111465722,0.4873142567463219,0.41292319344356654,0.24330147323198614
72,-10.967435717582703,0.40906944023445246,0.499091602768749,0.5056743860710412,0.48470539124682543,0.4114446108229458,0.23729192432947455
73,-11.242865979671478,0.3939171199686825,0.49778277417644856,0.5025355756748467,0.4819581237621605,0.40996246682479975,0.23173864898271856
74,-11.492188960313797,0.3794854049570858,0.4962071402929723,0.4994420499075204,0.47912743957713244,0.40843709455803034,0.22669241544790564
75,-11.714023619890213,0.3658882145769894,0.4943629725836217,0.4963687450159341,0.4762581464834511,0.4068459187634289,0.22218773481436072
76,-11.90864822268486,0.3532035713084042,0.49228643616661427,0.49329983596689997,0.47341339560225604,0.4051669751293957,0.2182187956292182
77,-12.077963054180145,0.34146525608375666,0.4900292976759374,0.4902041197288781,0.4706279364414513,0.4033844237215817,0.21473620054312048
78,-12.224159151315689,0.33068237351253627,0.4876629336737096,0.4870688856113702,0.4679453101940453,0.4015216444619,0.21171481129713354
79,-12.350290715694427,0.32080972837284205,0.4852329417131841,0.4838833302725106,0.4653721031732857,0.39958452330902217,0.20908518848009405
80,-12.45912379026413,0.3118044798262417,0.4827895983122289,0.48064940576441584,0.46290298076346514,0.39758904920890925,0.20679896292276678
81,-12.553242862224579,0.30359849976375697,0.4803598149679601,0.4773739517200738,0.4605573591776192,0.39556141840294,0.20480083641596136
82,-12.63482791185379,0.2961388592608273,0.47799166282638905,0.4740669370163232,0.458326178509742,0.39351614462211726,0.20304762539453802
83,-12.705951571464539,0.28934297608211634,0.47571086129173634,0.47074782256968317,0.4562016007490456,0.3914715562947094,0.20148866591043768
84,-12.768270045518875,0.28315520929172633,0.47351773818954823,0.46742945318110285,0.4541779038496315,0.38944082604721186,0.20009659943170843
85,-12.82316467165947,0.2775010679848492,0.47142388662323353,0.4641285330522805,0.45224774153903124,0.38742983983829615,0.19883631882257757
86,-12.871769189834595,0.2723290686495602,0.469438590016216,0.4608528256881982,0.4504121419973671,0.38545297728851435,0.19768413123674689
87,-12.915030866861343,0.2675778036005795,0.4675493909977376,0.4576297641266137,0.4486503777094185,0.38350766049697993,0.19662805614061651
88,-12.953748792409897,0.26320633934810755,0.465772710647434,0.45446647112257776,0.4469661739654839,0.38159956680610774,0.1956415843684226
89,-12.98852589726448,0.25917098568752406,0.4640884323976934,0.4513693839777261,0.44534684987738726,0.3797351782210171,0.19472373244352637
90,-13.019910126924515,0.255436382163316,0.46249604960903523,0.4483393967617303,0.44379608603194354,0.3779108588583767,0.1938545924145728
91,-13.048383325338364,0.25196038829162715,0.460992522444576,0.4453863889444619,0.4422974613495171,0.3761313919909298,0.1930318397004157
92,-13.074269533157349,0.24872671710327265,0.45955976089462636,0.44251761739142237,0.4408476379700005,0.37439035521820185,0.19223824855871496
93,-13.09785458445549,0.24570909785106776,0.45820058127865193,0.4397290587890893,0.43945911796763537,0.3726899539120495,0.1914732527453452
94,-13.11949047446251,0.24287243830040095,0.4569096638821065,0.4370277762878686,0.43812199207022784,0.37102908538654444,0.19075234946794806
95,-13.139270603656769,0.24020824478939173,0.4556890352629125,0.4344097465742379,0.4368282583542168,0.369411698449403,0.19005086240358648
96,-13.157525897026062,0.23769637094810603,0.45452877124771474,0.4318738818634301,0.43557496638968585,0.367828777898103,0.18937275526113806
97,-13.17436397075653,0.2353231226094067,0.4534173383377492,0.4294208676088601,0.4343671527691185,0.36628460036590693,0.18871962246485052
98,-13.189937025308609,0.2330761616118252,0.45234066983684895,0.4270477980840951,0.43319817157462237,0.36478122221305964,0.18808422205038366
99,-13.204373478889465,0.23094520615413783,0.4513181819580495,0.424750515865162,0.4320677992887795,0.3633102093823254,0.18746425923891363
100,-13.217733412981033,0.2289144014008343,0.4503409191034734,0.422528499411419,0.43096514316275714,0.3618823503144085,0.18686284837312994
101,-13.230180323123932,0.2269804392941296,0.44941342612728474,0.42037595217116175,0.4299043443985283,0.36048722909763453,0.18628329751081762
102,-13.241785645484924,0.22512978957965968,0.44851867100223897,0.4182940811384469,0.4288723197765648,0.3591197942383587,0.1856986951548606
103,-13.2526136636734,0.22336631165817378,0.4476546271704137,0.4162782073486596,0.4278745380230248,0.3577916239388287,0.18514557895250616
104,-13.262745469808578,0.22167529808357356,0.446825601067394,0.41432330911047754,0.42690991135314105,0.35649663852527735,0.18459413168020544
105,-13.272226214408875,0.22004984961822627,0.44602692862972615,0.41242856686003504,0.42595269056037066,0.35523215578868983,0.18405016479082403
106,-13.28112256526947,0.21849276768043635,0.44525306662544606,0.4105963647831231,0.42504373462870715,0.3539972965605557,0.18352889236994085
107,-13.289447128772736,0.21699588643386958,0.44450805326923726,0.40881515447981653,0.4241530773229897,0.35279067503288386,0.18302128431387243
108,-13.297333896160126,0.21555409478023646,0.4437818153761327,0.40709328060038386,0.4232786920852959,0.35161165045574305,0.18252309379167853
109,-13.304712742567062,0.21416360782459376,0.4430808349512517,0.4054186434019357,0.42242577942088244,0.350462279189378,0.1820273619610816
110,-13.311703085899353,0.21282254802063105,0.44240165492519734,0.40378990177996454,0.4215931323356926,0.3493377481587231,0.18154404279775915
111,-13.31827637553215,0.21153306113556025,0.44174819430336354,0.4022117943037301,0.4207833138294518,0.3482439582236111,0.18108306047506628
112,-13.324537694454193,0.21027851747348902,0.44110051533207295,0.4006675720680505,0.4199965176172554,0.3471613590605557,0.18062681672163305
113,-13.330421179533005,0.20907007800415156,0.4404774381779134,0.39917374555952845,0.4192333546467125,0.34611240671947596,0.18018937823362646
114,-13.336018323898315,0.20790044115856288,0.4398596211336553,0.3977218658197671,0.41848145695403216,0.34508598493412135,0.17975199935026465
115,-13.341312885284424,0.20676853405311701,0.4392747058533132,0.39630489950068293,0.41774232955649493,0.3440879647620022,0.17932369527406988
116,-13.346286714076996,0.20566952871158717,0.43870929619297383,0.39492812161333857,0.4170274612493813,0.3431066338904202,0.17890544948168097
117,-13.351113349199295,0.20460679279640315,0.43815343817695973,0.3935876429546624,0.4163259592838585,0.3421476696617901,0.17850167271681128
118,-13.355614989995956,0.2035719667561352,0.43760556718334553,0.3922770858276635,0.41564499111846087,0.34120932864025233,0.17809926685877142
119,-13.359929084777832,0.2025680755265057,0.4370771422050893,0.39100010101683436,0.41497750850394366,0.34029442714527247,0.177702121110633
120,-13.364045709371567,0.20159426974132655,0.43655873080715535,0.38975229267962275,0.4143160161562264,0.3393926684744656,0.17731063780374823
121,-13.367951691150665,0.20065162228420375,0.4360526724718511,0.38853519563563166,0.4136763242073357,0.3385170166380703,0.17692673918791113
122,-13.3716861307621,0.1997265134938061,0.43555768569931386,0.3873536676634103,0.41304041715338824,0.33765611695125697,0.17655787584371863
123,-13.375250160694122,0.19883286105468867,0.4350784643553197,0.3861903191078454,0.4124202755279839,0.3368138735182583,0.1761875819880515
124,-13.378661632537842,0.19795492934063075,0.4346143974922597,0.38505768184550104,0.4118185517378151,0.3359850858338177,0.17583841797895727
125,-13.381920635700226,0.19709623502567408,0.434158347453922,0.3839507192838937,0.4112224903889,0.3351790671236813,0.17548526045866308
126,-13.385047107934952,0.19626816259697077,0.4337028189562261,0.3828682691324502,0.4106369492597878,0.33438300238922236,0.1751383912283927
127,-13.388038158416748,0.1954559897072613,0.4332561566494405,0.3818136990536004,0.41005762191489337,0.33360505746677516,0.1748012524563819
128,-13.390913397073746,0.19467169689014552,0.4328182115219533,0.38077401523478327,0.4094980237074196,0.33284049378708,0.17447286066599188
129,-13.393653154373169,0.1939049576409161,0.4323808177374303,0.3797595739830285,0.4089534011669457,0.332097000349313,0.17414721068926153
130,-13.396263092756271,0.19315836476162074,0.4319601281546056,0.378766292380169,0.4084143814630806,0.3313667242415249,0.17382677611894903
131,-13.398832648992538,0.19242059336975215,0.43155115088447926,0.3777933955658227,0.40787802906706927,0.3306512300856411,0.17351118442602453
132,-13.401262819766998,0.1917047564871609,0.4311407878063619,0.3768455923069268,0.4073562053032219,0.32994588362053034,0.17320581492967901
133,-13.403557628393173,0.19100341843441127,0.43074875315651295,0.3759078920353204,0.4068495360203087,0.329250178206712,0.17291670260019598
134,-13.405812412500381,0.1903135691769421,0.4303725435398519,0.3749928266275674,0.40634472938254473,0.32856436716392634,0.17262620446272192
135,-13.407953292131424,0.18964803861454127,0.42999570807442067,0.3740910977590829,0.4058502194471657,0.32789776371791957,0.17233400759287176
136,-13.410037249326706,0.1889930282719433,0.42962586125358937,0.37320397202856836,0.4053543982096016,0.3272468958981335,0.17204988715238867
137,-13.412034213542938,0.18835013257339595,0.42926045497879384,0.372334384964779,0.4048656550236046,0.3266011540777981,0.17176163909025488
138,-13.413977563381195,0.18772057341411708,0.4288858248852193,0.3714917690027505,0.4043930944986641,0.32597207175567744,0.17148310658521948
139,-13.415809273719788,0.18710996853187678,0.42853356143459675,0.3706548899877816,0.4039300558157265,0.3253497545607388,0.17121740397997198
140,-13.417619973421097,0.18651137398555873,0.4281817599199712,0.36984413270838556,0.40347099574282763,0.32473879205062983,0.17094468292780218
141,-13.419357150793076,0.1859214519150555,0.42783670863136647,0.3690425396431237,0.40302750738337634,0.32413474367931483,0.17069076714105902
142,-13.421003222465515,0.1853444789536297,0.42751102885231373,0.36825040881522,0.40258229048922656,0.3235467885620892,0.17043491420336065
143,-13.422616481781006,0.18477860735729335,0.4271731748245656,0.3674756080377847,0.402146163303405,0.3229635720141232,0.17018423196859656
144,-13.424171835184097,0.18422775613144038,0.42684032758697865,0.3667101651895791,0.4017182466574013,0.32238938556984065,0.16994028505869208
145,-13.42568889260292,0.18368188189342616,0.4265178515575826,0.3659636617172509,0.40129301222041247,0.32182576404884455,0.16969156977720556
146,-13.427143454551697,0.18314526127651332,0.426195643749088,0.36522682909853754,0.40087157757952807,0.3212688927538693,0.16945423898287115
147,-13.428542047739029,0.18262196229770777,0.4258852674625814,0.36450237934477625,0.4004537192173302,0.3207255070097744,0.16922002253122626
148,-13.429890275001526,0.18210352109745143,0.42558260997757313,0.3637945592869073,0.40005293758586047,0.3201893483288586,0.16899812933988867
149,-13.43121588230133,0.18160121785476802,0.42527928194031117,0.363092401670292,0.3996575799770653,0.31966023789718745,0.1687643450219184
150,-13.432494968175888,0.1811042343266308,0.42498362800106404,0.362403029249981,0.39926459165289996,0.319143018592149,0.16853164848871527
151,-13.433714747428894,0.18061410533264277,0.424679987039417,0.3617205560673028,0.39888245137408374,0.31863184915855525,0.16831063446588812
152,-13.43492403626442,0.18013434754684565,0.42439479371532796,0.361055487440899,0.39849809082224963,0.31812632726505397,0.1681004684884101
153,-13.436076164245605,0.17966569112613795,0.4241193457506597,0.3603978246916085,0.39812411637976763,0.31763591514900325,0.1678856235463172
154,-13.437204092741013,0.1792037104256451,0.4238492175005376,0.35975030963309107,0.3977497694082558,0.3171511058695614,0.16767678377218542
155,-13.43831729888916,0.17875113235786555,0.42357545336708424,0.3591137022245675,0.397386881429702,0.3166655217297375,0.16746889767237005
156,-13.439353048801422,0.17830564724281428,0.4232963397167623,0.3584861398208886,0.39702250333502886,0.3161910538561642,0.1672614437062293
157,-13.440369307994843,0.17786183105781672,0.42302728435024617,0.3578685462940484,0.39666548641398547,0.3157252584584057,0.1670558076817542
158,-13.441380232572556,0.17742796884849665,0.4227559491060674,0.35726555590517817,0.3963195261545479,0.31526357578113673,0.16686003622598944
159,-13.442384600639343,0.17700072275474665,0.4224936439655721,0.35666445796377955,0.3959686485119164,0.3148088221438229,0.16666211900301275
160,-13.443275511264801,0.17658319221809504,0.42223698636516926,0.35607134704478083,0.39561917157843707,0.31436013327911494,0.16647232291288672
161,-13.444207698106766,0.17617279933765528,0.4219763501547277,0.3554904103744775,0.39528331430628894,0.3139124278910458,0.16629516300745306
162,-13.445110023021698,0.17576866494491694,0.4217226578854024,0.35491884653456507,0.39495390923693774,0.3134799961932003,0.16610261020250616
163,-13.445957869291306,0.1753693734295666,0.421469800081104,0.35435090367682276,0.394623461086303,0.3130464618094265,0.1659140807110816
164,-13.446834832429886,0.17497572945430873,0.42121709128841756,0.3537934810388833,0.3942963656969368,0.3126304362900555,0.16572790560312567
165,-13.447625249624252,0.17458768831565974,0.42098263641819356,0.3532437175977975,0.39396685631945727,0.31221534954383967,0.16554775056429205
166,-13.4484304189682,0.1742039238102734,0.4207388832233846,0.35270322267897425,0.39364482732489703,0.311800888646394,0.16536485371179876
167,-13.44919866323471,0.17383079873397944,0.42050646981224415,0.3521655887831002,0.39332196386530993,0.3113879029639065,0.1651925813872367
168,-13.449964106082916,0.17345758425071833,0.42026404282078145,0.3516372085083276,0.393017562944442,0.31098916279152033,0.1650174629408866
169,-13.450675815343857,0.17309202896431086,0.420028783287853,0.3511191398371011,0.3927078572101891,0.3105913613922894,0.16484875199384985
170,-13.451387196779251,0.1727341775782406,0.41980411848053334,0.35060017709620295,0.3924065259285271,0.310202366579324,0.1646781485993415
171,-13.452111721038818,0.1723825548775494,0.4195864870212972,0.35008769636042414,0.39210337670519946,0.30981125580146907,0.1645107936579734
172,-13.452761769294739,0.1720349554903805,0.41936153909191487,0.3495888054836541,0.3918119397945702,0.3094253902323544,0.16434469041414557
173,-13.453454285860062,0.17168722199276087,0.4191330446861684,0.3490964562166482,0.39151536198332904,0.309047466982156,0.16418047961778937
174,-13.454073458909988,0.17135474728420375,0.41891547283157704,0.34860687856562433,0.3912223455496132,0.3086832677014172,0.16401574728079138
175,-13.45471367239952,0.17102234708145259,0.41869581481441853,0.3481208175886422,0.3909373459406197,0.3083119307644665,0.1638575565535575
176,-13.45535883307457,0.17069455133751033,0.4184800310991704,0.34763952498324213,0.3906522718258202,0.3079547052271664,0.16370696541853247
177,-13.455946207046509,0.17036872254684565,0.41826484343037007,0.34717447464354334,0.3903703120537102,0.3075950806029141,0.1635533493477851
178,-13.45652061700821,0.1700459782965481,0.4180477931164205,0.34671161477454004,0.39009720357134936,0.307244083750993,0.16340086576528845
179,-13.45709803700447,0.16973134027794,0.41784738739952443,0.34625145201571284,0.3898219642229378,0.3068935339339077,0.1632561307866126
180,-13.457651436328888,0.16942296074703334,0.4176316930912435,0.3457962215412408,0.3895417776890099,0.30654158340767024,0.1631205153185874
181,-13.458203464746475,0.1691179041750729,0.4174283816479146,0.3453427494037896,0.3892750320024788,0.3062035207636654,0.1629766744095832
182,-13.458701759576797,0.16881764577701686,0.4172325058840215,0.3448981136549264,0.38901292057707904,0.3058693175204098,0.16283967313356695
183,-13.45923227071762,0.16851419853046534,0.41702476879581807,0.3444640279281884,0.38875271650031207,0.3055387352593243,0.1626925688702613
184,-13.459701120853424,0.16821869360283015,0.41682963808998463,0.34403381650336085,0.3884906199760735,0.3052156333811581,0.16255309400148688
185,-13.460246086120605,0.16792958127334712,0.4166393055580556,0.34360727076418696,0.3882260796613991,0.3048902665264904,0.1624203395564109
186,-13.460730105638504,0.1676401858218014,0.41644545635208485,0.3431847632396966,0.38797572525218127,0.3045674626715481,0.16228181836195288
187,-13.461214274168015,0.1673522059805691,0.41625701626762746,0.34277191166765986,0.3877119448967278,0.3042474602349102,0.16213656184263525
188,-13.461654782295227,0.16706962035968898,0.41606567045673726,0.34235947732813654,0.38746303590014575,0.3039333437569439,0.1620027494151145
189,-13.462098211050034,0.166796809900552,0.4158727302215993,0.34195331637747584,0.3872121897526085,0.3036242787726223,0.16188169238157568
190,-13.4625383913517,0.16652377592399714,0.415693826880306,0.3415454864967614,0.38697187872603533,0.3033179854042828,0.1617511284071952
191,-13.462945312261581,0.1662555252201855,0.415520869102329,0.34114840035326777,0.38673080774024127,0.3030118708498776,0.16162305292673407
192,-13.463374078273773,0.16598408566787837,0.41534293433651326,0.3407504201401025,0.3864994374103844,0.30270702289417384,0.16149318930692969
193,-13.463828057050705,0.1657209758646786,0.41516151269897816,0.34036392872221766,0.3862560269422829,0.3024062876589596,0.1613734882790595
194,-13.464206099510193,0.1654584025032818,0.4149770661257207,0.3399762601125985,0.3860328969545662,0.3021137033589184,0.161239541741088
195,-13.464617043733597,0.1652024154551327,0.4147991015575826,0.3395896941889077,0.38579841228201983,0.30182366715744136,0.16111584720201788
196,-13.464986830949783,0.16495185242965815,0.4146327151916921,0.3392153323162347,0.38556514950469134,0.3015345548279583,0.1609954309184104
197,-13.465371876955032,0.16469804095104335,0.41445768615230916,0.3388389289844781,0.3853404995985329,0.30125213311985133,0.1608736139256507
198,-13.465732038021088,0.16444789515808222,0.4142827465198934,0.3384719878900796,0.38511510463431475,0.3009727363474667,0.16076237675733862
199,-13.466105967760086,0.16420630263164637,0.4141117705963552,0.3381041080225259,0.3848961022682488,0.3006929670460522,0.16064987299032507
200,-13.466452538967133,0.1639632944948971,0.4139518811367452,0.33774060909636316,0.3846707669086754,0.3004219149239361,0.16053818878717718
201,-13.466808944940567,0.16372925685718653,0.413775525894016,0.33738822643645106,0.38445225628092883,0.30015151845291255,0.16041766819544134
202,-13.467140346765518,0.16348487781360743,0.41360615929588673,0.33703441326506434,0.3842254308052361,0.29988341676071284,0.1602990698534995
203,-13.467459678649902,0.1632483516819775,0.41343923648819325,0.33668484692461786,0.38400531085208056,0.2996173416264355,0.16018860754556952
204,-13.467829793691635,0.16301958905532954,0.4132693781517446,0.33633978073485193,0.3837837901897728,0.299356943834573,0.16006907043047247
205,-13.468114614486694,0.1627876524813473,0.413101680483669,0.3359971881378442,0.3835706588812172,0.2990929548628628,0.15996379372663794
206,-13.468445658683777,0.1625628833658993,0.4129433705471456,0.3356556535232812,0.3833590027876198,0.298831916321069,0.15986927566118536
207,-13.46877184510231,0.16233687745407221,0.4127827211283147,0.33531566862948237,0.3831475404091179,0.2985741411335766,0.1597645652014762
208,-13.469062447547913,0.16211832212284205,0.412624619808048,0.33497812752611933,0.38293719561770556,0.29832168566063044,0.15965612945146856
209,-13.46936571598053,0.16190113769844172,0.4124640597961843,0.3346454293001443,0.3827320066280663,0.2980669354088604,0.1595455926377326
210,-13.469641596078873,0.16168282078579066,0.4123133047483861,0.33432044987566767,0.3825297531671822,0.2978209470398724,0.15943001923151312
211,-13.469954997301102,0.1614700918085873,0.41216091057285664,0.33399690096266565,0.3823160556145012,0.29757688092067835,0.15932732042856512
212,-13.470235854387283,0.16125800358131526,0.4119958057068288,0.3336746633518487,0.38211570950224993,0.29732885109260676,0.15923184868879614
213,-13.470498651266098,0.16104843365028498,0.4118510260246694,0.33335385625250635,0.3819164809770882,0.2970829670317471,0.15913211521692572
214,-13.470768004655838,0.16083369301632044,0.4117054267786443,0.33303272132761774,0.38172498615458605,0.2968463067896664,0.15904027936048803
215,-13.471028983592987,0.16063029216602442,0.4115569367073476,0.33272100393660364,0.38152562351897357,0.29660586165264247,0.15893153068609533
216,-13.47128102183342,0.1604249690659344,0.41141176959499715,0.33241021041758356,0.3813390609808266,0.29636489497497676,0.15882345256395636
217,-13.471564263105392,0.16022940622642634,0.4112723990343511,0.33210409586317835,0.3811331120319664,0.2961300973780453,0.15872318265028296
218,-13.471815288066864,0.16003055023029444,0.41112212082371113,0.3318000227678567,0.38094562562182543,0.29590200530365107,0.15861912784166632
219,-13.47203677892685,0.15983898090198634,0.4109785332344472,0.33150424961932,0.3807572302408516,0.2956714247353375,0.15852392432279883
220,-13.472291767597198,0.15964566813781855,0.4108349307440221,0.33120573465712366,0.3805642005987465,0.29544453965499995,0.1584265899378806
221,-13.47250947356224,0.15944819794967768,0.4106940551660955,0.33091075127013025,0.38038371773436663,0.29521831022575495,0.15833155033178625
222,-13.472763627767563,0.15925551103428004,0.4105481429956853,0.3306178242433816,0.38019989700987933,0.29499254273250697,0.15825018999166784
223,-13.472972333431244,0.15906987236812709,0.4104086681269109,0.33032756452448664,0.38001819225028155,0.29477413641288874,0.15816683289594946
224,-13.47320494055748,0.15888339923694728,0.4102718307636678,0.3300408512819558,0.37984209032729266,0.2945541207678616,0.1580727469641715
225,-13.473401486873627,0.158700502384454,0.41014093896374104,0.329754063533619,0.3796554681845009,0.294342375267297,0.15798736331053076
226,-13.473645389080048,0.15851402925327418,0.40999918421730397,0.3294661730993539,0.37948853047564624,0.29412913965061305,0.15790065345354376
227,-13.473860889673233,0.15832999991253016,0.40987011035904286,0.32918628458864985,0.37931315870955584,0.2939093177206814,0.15781808611936865
228,-13.474077969789505,0.15814622389152644,0.4097326620481908,0.3289090633857995,0.3791385916061699,0.2936959032900631,0.15772586283273993
229,-13.47429272532463,0.15796986864879725,0.40960591277107594,0.3286373407114297,0.3789709684439003,0.2934915785677731,0.1576374989468604
230,-13.474477589130402,0.1577943627722561,0.4094684048555791,0.328365856455639,0.3787925866432488,0.2932827089913189,0.15754780885763464
231,-13.47465467453003,0.15761607037857173,0.40934092542156575,0.328093045996502,0.37862669201567767,0.293083003628999,0.15746255931444464
232,-13.474870830774307,0.15743864225223658,0.4092145933769643,0.3278268665540963,0.37845142455771563,0.29287668215110896,0.15737967905588446
233,-13.475042819976807,0.1572637622244656,0.40908906599506734,0.3275586009491235,0.37828065725043414,0.29267371343448756,0.1572962921578437
234,-13.475244909524918,0.15708769010379908,0.40895094713196156,0.327299127029255,0.37811106713488696,0.29246959732845423,0.15720622953958807
235,-13.475436806678772,0.1569200520403683,0.4088321997784078,0.32704032366164026,0.37794472547248004,0.29227191852405665,0.15712883290834723
236,-13.475628226995468,0.15675566243007777,0.4087052120827138,0.3267852306831628,0.37779090078547595,0.2920779948122799,0.15704981205053625
237,-13.475778579711914,0.15659717367962,0.4085843487642705,0.3265296459663659,0.37761578233912585,0.2918840711005032,0.156965158553794
238,-13.475995600223541,0.1564302955754101,0.4084506704472005,0.32627623681910334,0.37745541604235766,0.2916919504292309,0.15689099547453222
239,-13.476150542497635,0.15626958655193446,0.4083351417444646,0.3260249883402139,0.377285021264106,0.29149759458377955,0.15681434390135107
240,-13.476309418678284,0.15611556814983485,0.4082082881592214,0.3257730693090707,0.3771239397116005,0.29130557822063563,0.15673609790392218
241,-13.476466536521912,0.15595621513202784,0.4080937429331243,0.32552100126631556,0.37697172435000537,0.29111201213672755,0.15665534851141272
242,-13.476658523082733,0.1557976518757641,0.4079750700853765,0.3252765030134469,0.3768207904882729,0.29092865334823725,0.15658279475755987
243,-13.47681874036789,0.1556443487294018,0.40785423656925557,0.3250320792663842,0.37665838273242114,0.2907463972456753,0.15651593324728308
244,-13.476967185735703,0.15548661993816493,0.40773367127403615,0.32479075496084986,0.37650282951071856,0.29056120561435816,0.15644026515074072
245,-13.477150589227676,0.1553352986462414,0.4076158030889928,0.3245515913236886,0.3763510611839592,0.29038586365059016,0.15635947105474768
246,-13.47728744149208,0.1551822339184582,0.4074985458515584,0.3243104309309274,0.3762030777521431,0.29021122204139826,0.15628268537111578
247,-13.477454006671906,0.155031553376466,0.4073811843059957,0.3240746647585183,0.3760462430305779,0.2900311862118542,0.15620516953058539
248,-13.477579146623611,0.1548802320845425,0.4072636141441762,0.3238383174408227,0.37589836390689013,0.2898515080101788,0.15612942692823706
249,-13.477721869945526,0.15473218904808161,0.40715476116165517,0.32361217741854487,0.37576240571215747,0.28967212783172724,0.15605489131994543
250,-13.477872014045715,0.15458645569160578,0.40704169115051625,0.3233875126112252,0.3756090429611504,0.2894930605776608,0.15598875996656714
251,-13.478009968996048,0.1544413332827389,0.40692014237865803,0.3231600910890847,0.3754544583149254,0.289321041572839,0.1559161615092307
252,-13.478158235549927,0.15430114315822718,0.4068042709492147,0.3229276031721383,0.37530544670298693,0.2891538952477276,0.15585403856821356
253,-13.478293806314468,0.1541625921614468,0.40668857833370564,0.32270231251604853,0.375167238432914,0.2889875237829983,0.15578231927938757
254,-13.478414714336395,0.1540206138975918,0.4065712465904653,0.322484189318493,0.375014114100486,0.28881540047004817,0.15571532365866003
255,-13.478564947843552,0.15387812899425624,0.4064546599052846,0.3222620428074151,0.374867829401046,0.2886518602259457,0.15563944694586096
256,-13.478693544864655,0.15373781966045497,0.40634655198082326,0.3220368713606149,0.3747182217426598,0.28848365591838954,0.155579797597602
257,-13.478843867778778,0.15360008822754023,0.4062432571314275,0.3218207300174981,0.37457223506644366,0.2883139763958752,0.15550779518671332
258,-13.478960454463959,0.15346420453861354,0.40612708767876027,0.3215974063146859,0.37442519040778277,0.2881523584015667,0.15543793854303656
259,-13.479112893342972,0.1533291255123913,0.4060140772722661,0.3213843644130975,0.37429710002616046,0.28798303650692103,0.15536046740598974
260,-13.47920736670494,0.15319263087585566,0.4058990552090108,0.32117346827872095,0.3741628405638039,0.28782027112320063,0.15529007432051
261,-13.479339569807053,0.15306167947128413,0.40579823395237324,0.32096205060370264,0.37402199478819964,0.2876551662571728,0.15522844311781225
262,-13.479475677013397,0.1529246632941067,0.40569431325420735,0.32075327043421564,0.3738814321346581,0.2874951277859509,0.15516883847303686
263,-13.479589492082596,0.15279299663379786,0.40558434268459675,0.32054662113077936,0.3737430450506508,0.2873417948372662,0.15510808643884955
264,-13.479700326919556,0.15265913950279353,0.4054902269504964,0.32033664886839686,0.37360394271090624,0.28718636082485316,0.15504481610842047
265,-13.47980347275734,0.15252879904583094,0.4053928627632558,0.3201257676351815,0.37348115714266894,0.2870271866209805,0.1549769413191825
266,-13.479934215545654,0.15239750491455195,0.40529472371563313,0.3199165553320199,0.3733433959074318,0.2868733768351376,0.1549062204081565
267,-13.480045050382614,0.15226786481216548,0.40519224843010304,0.3197126478422433,0.3732095089741051,0.2867236052639782,0.1548378836829215
268,-13.480175375938416,0.15214582430198786,0.40509388586506245,0.31951170568354426,0.37308828802779315,0.28657194124534724,0.15478577432222662
269,-13.480254143476486,0.15202108668163417,0.40499479314312337,0.31931316261179743,0.37295849891379473,0.28642365979030726,0.1547238003928214
270,-13.480385214090347,0.15189788388088343,0.4048970564268529,0.31911333804018793,0.37282428415492175,0.2862699841149151,0.1546593975741416
271,-13.480482876300812,0.1517749194987118,0.40479140719398854,0.31891662781126795,0.37269009919837115,0.28611832009628413,0.1546022665221244
272,-13.480569124221802,0.15164901958778498,0.4046880378387868,0.3187268019188195,0.3725623068399727,0.2859667752869427,0.1545487415511161
273,-13.480700314044952,0.15152769433334468,0.4045834018848836,0.3185294509399682,0.3724470463581383,0.2858214889653027,0.1544862013775855
274,-13.480746805667877,0.1514106308110058,0.40449301144108174,0.3183376878965646,0.37231850894168017,0.28567989813163874,0.15443845805712042
275,-13.480883449316025,0.15129469977691767,0.40439175805076955,0.31814765338785944,0.3721878257580101,0.2855351780541241,0.15438082036562262
276,-13.480976849794388,0.1511742387898266,0.4042981191538274,0.3179583192337304,0.372069897968322,0.2853920673020184,0.1543246876914054
277,-13.481084614992142,0.15105553613975642,0.40420667072758076,0.31776910428889094,0.3719473955221474,0.2852529947645962,0.15426378664560614
278,-13.481184661388397,0.15094109522178767,0.40410643061622975,0.31758446400053797,0.37182104857638476,0.2851142500527203,0.15420512077398596
279,-13.481283187866211,0.15082108126953242,0.4040072633884847,0.3174005985725671,0.37170337410643695,0.28497121380642054,0.15414675292558966
280,-13.481380492448807,0.1507060741074383,0.4039139821194112,0.31722121839411555,0.3715841350145638,0.28482804344967005,0.15409366008825598
281,-13.481469929218292,0.15059196101501582,0.4038251562975347,0.31703595225699244,0.3714612898416817,0.28469025241211054,0.15403709528036413
282,-13.481569439172745,0.15047993408516047,0.4037399216555059,0.31684874896891413,0.37133811684325335,0.28455359386280177,0.1539756577927619
283,-13.481657296419144,0.1503643010742962,0.4036449118517339,0.3166720211971551,0.3712127235718071,0.2844115857966244,0.15391791579313574
284,-13.481726676225662,0.15025257216766474,0.40355206271633504,0.3164894074667245,0.371095257718116,0.284276417363435,0.15386239406652746
285,-13.481796234846115,0.15014376388862727,0.40345422169193623,0.316308030532673,0.3709746626205742,0.28414433347061274,0.15380863067694006
286,-13.481896758079529,0.15003725038841365,0.40336070200428364,0.31613058750517664,0.37086439402773974,0.2840097759850323,0.1537489664275199
287,-13.48198863863945,0.14992705630138514,0.4032794459722936,0.31595517103560267,0.37073937328532336,0.283873922098428,0.15370211717672644
288,-13.482064336538315,0.1498179052956402,0.4031935109756887,0.31577982907183466,0.3706211027689278,0.28374374555423854,0.15365938064642248
289,-13.482152760028839,0.14971009539440272,0.4031060262583196,0.3156022370327264,0.37050828607752917,0.28360784696415064,0.15360213038511572
290,-13.482230722904205,0.14960449086502192,0.4030127002857625,0.3154292643535882,0.37039323421195147,0.28348263250663874,0.15354856071062384
291,-13.482313066720963,0.14949258314445613,0.402927257027477,0.31525477175600825,0.37028669090941546,0.2833538566716015,0.1534968238789588
292,-13.482390314340591,0.14938694881275294,0.4028359427116811,0.3150795490015298,0.3701684054918587,0.2832274054177105,0.1534457128960639
293,-13.482473731040955,0.14927957104519007,0.4027584119699895,0.3149083197582513,0.3700538602657616,0.28309555994346736,0.15340071138925848
294,-13.4825679063797,0.14917690204456446,0.40266608437523244,0.3147370905149728,0.36994833024218676,0.28296715663745997,0.15334478733129797
295,-13.482643812894821,0.1490714614279568,0.40257834633812306,0.31456767921335993,0.36983356149867175,0.28284615920856593,0.15329333362169562
296,-13.482710123062134,0.14896721290424464,0.402496628370136,0.3144005924928933,0.3697218325920403,0.2827178751118481,0.15323921260423956
297,-13.482779830694199,0.14886712180450556,0.4024069531820714,0.31423648600466547,0.36960828574374316,0.28259231792762873,0.1531957459170371
298,-13.482881993055344,0.14876740323379634,0.4023225381039083,0.31407154505141077,0.3695042309351265,0.2824674610979855,0.15314216134138403
299,-13.482942402362823,0.14866524087265132,0.40223851045593617,0.313910672115162,0.3693938133306801,0.282341740000993,0.15309030530042944
300,-13.482997417449951,0.14856956051662562,0.40215375265106557,0.31374506060965357,0.3692827102728188,0.2822164361365139,0.15303943273611365
301,-13.483064591884613,0.14846599744632838,0.40206951638683674,0.3135902077425271,0.3691699978895485,0.28209022330120204,0.15300387856550512
302,-13.483149826526642,0.14837065981701014,0.4019863679073751,0.3134216756094247,0.36906677754595874,0.28196761654689906,0.1529567312914878
303,-13.483212232589722,0.14827408539131282,0.4019078089855611,0.31325922315008936,0.3689571348018944,0.28184988247230647,0.15290840682573614
304,-13.483275651931763,0.14817497776821253,0.4018159731291234,0.3131004363764077,0.36884777517989276,0.28173120962455867,0.15285996315069494
305,-13.483381152153015,0.14808063851669429,0.4017315133474767,0.3129438102710992,0.3687572804279625,0.28161447392776606,0.1528108936268836
306,-13.483446389436722,0.14798579262569544,0.4016515239141881,0.31279153530485926,0.3686481443233788,0.2815000777132809,0.15275625106878576
307,-13.48348668217659,0.14789491044357417,0.40156694492325185,0.3126379341352731,0.36854896219447253,0.28138200091198085,0.1527142595965415
308,-13.4835604429245,0.14780079470947383,0.4014903380535543,0.31248060767538843,0.368435385543853,0.281265861261636,0.15266685900278387
309,-13.483618706464767,0.1477017764933407,0.40141168972477315,0.31233111922629175,0.3683278587646782,0.2811518077738583,0.15261623975820837
310,-13.483655482530594,0.14761689947918055,0.4013287051580846,0.3121781588066369,0.36822973461821673,0.2810358022339642,0.15257240054197607
311,-13.483748942613602,0.1475215767510235,0.4012454523704946,0.3120282233227044,0.3681259331293404,0.28091593729332087,0.1525272947270423
312,-13.483794897794724,0.14743348108604548,0.40116146942600606,0.31187801961787043,0.3680241581983864,0.280803791154176,0.15246833083219824
313,-13.483841687440872,0.14734338866546748,0.40108587583526967,0.31172973816283045,0.36792089315131304,0.28068812834098933,0.1524270099122077
314,-13.48393714427948,0.1472551737911999,0.40101223429664967,0.3115847945678979,0.36781940134242175,0.2805740897543728,0.15238360282965002
315,-13.483989715576172,0.14716816591098902,0.40093260249122975,0.3114365131128579,0.3677231100387871,0.28046504305675624,0.15233711120672522
316,-13.484035789966583,0.14707710491493342,0.4008717312477529,0.3112880528438836,0.3676328239031136,0.2803563241846859,0.1522860747296363
317,-13.484090387821198,0.14698130534961817,0.40079354485496876,0.31114068035967646,0.3675416585989296,0.28024988519027827,0.15224155005998907
318,-13.484143763780594,0.14689903603866694,0.4007127805612981,0.31100358967669306,0.3674414035864174,0.280142477620393,0.15220848438329992
319,-13.484237670898438,0.1468085561878979,0.4006375296972692,0.31085492079146204,0.36734009059146044,0.28002957152202723,0.15216789362020788
320,-13.484259635210037,0.14672277020290492,0.4005692078731954,0.3107131213415414,0.3672392395325005,0.27991644190624354,0.15212533590383825
321,-13.484343826770782,0.1466402326710522,0.4004958345554769,0.31056866948492823,0.3671564039774239,0.2798110012896359,0.15207350966520605
322,-13.484397739171982,0.14654693650081752,0.40042252084240315,0.3104297757614404,0.3670524236746132,0.27970404075458644,0.15203613755293188
323,-13.484437704086304,0.14646299825981257,0.4003432317636907,0.3102908820379525,0.3669538524933159,0.279597080219537,0.15199961480684576
324,-13.484520852565765,0.14638291941955683,0.40027210852131245,0.3101489931810647,0.3668563243933022,0.2794960205443203,0.1519517820794135
325,-13.484559804201126,0.14630206571891902,0.4002048595808446,0.310010650800541,0.36676584454253314,0.2793912504799664,0.15191169795580206
326,-13.484615594148636,0.14622137593105433,0.40012779077515004,0.30987394754774866,0.36667721243575213,0.2792887900955975,0.15186791834421454
327,-13.48464161157608,0.14613831685855982,0.4000548048876226,0.30973639492876825,0.36658612163737414,0.2791848395951092,0.15183066544122992
328,-13.484716653823853,0.14605393158271907,0.3999839945696294,0.30959955756552515,0.3664917823858559,0.27908203648403285,0.15179163930006323
329,-13.484739243984222,0.14597275005653498,0.3999067022465169,0.3094596505630761,0.36639739843085406,0.27898295866325495,0.15175291118212042
330,-13.48482796549797,0.14589282022789118,0.3998273535631597,0.3093238413799554,0.3663071868009865,0.27888242052868006,0.15171358701772986
331,-13.484852582216263,0.14581125127151606,0.3997587933205068,0.3091933221090585,0.36621383102610705,0.278779870737344,0.15167202767916022
332,-13.484913885593414,0.145734376180917,0.39969425639137623,0.3090603441465646,0.3661275533027947,0.27867778288200495,0.15163182434625921
333,-13.484979718923569,0.1456500952132046,0.39962928732857106,0.3089261144865304,0.36603726716712115,0.27857947992160914,0.15159594235010443
334,-13.485026210546494,0.14557061241939662,0.39955375334247945,0.30879371766932306,0.3659477856941521,0.27848138557747004,0.1515567671973258
